{
	"partitions" : [
		{
			"name" : "Top",
			"pins" : [
				{
					"name" : "Contents[0]",
					"strict" : false
				},
				{
					"name" : "Contents[1]",
					"strict" : false
				},
				{
					"name" : "Contents[2]",
					"strict" : false
				},
				{
					"name" : "Contents[3]",
					"strict" : false
				},
				{
					"name" : "Contents[4]",
					"strict" : false
				},
				{
					"name" : "Contents[5]",
					"strict" : false
				},
				{
					"name" : "LeftCtrl",
					"strict" : false
				},
				{
					"name" : "LeftIn",
					"strict" : false
				},
				{
					"name" : "Clock",
					"strict" : false
				},
				{
					"name" : "RightCtrl",
					"strict" : false
				},
				{
					"name" : "RightIn",
					"strict" : false
				}
			]
		}
	]
}