{
	"partitions" : [
		{
			"name" : "Top",
			"pins" : [
				{
					"name" : "ReadDataA[0]",
					"strict" : false
				},
				{
					"name" : "ReadDataA[1]",
					"strict" : false
				},
				{
					"name" : "ReadDataA[2]",
					"strict" : false
				},
				{
					"name" : "ReadDataA[3]",
					"strict" : false
				},
				{
					"name" : "ReadDataA[4]",
					"strict" : false
				},
				{
					"name" : "ReadDataA[5]",
					"strict" : false
				},
				{
					"name" : "ReadDataA[6]",
					"strict" : false
				},
				{
					"name" : "ReadDataA[7]",
					"strict" : false
				},
				{
					"name" : "ReadDataA[8]",
					"strict" : false
				},
				{
					"name" : "ReadDataA[9]",
					"strict" : false
				},
				{
					"name" : "ReadDataA[10]",
					"strict" : false
				},
				{
					"name" : "ReadDataA[11]",
					"strict" : false
				},
				{
					"name" : "ReadDataA[12]",
					"strict" : false
				},
				{
					"name" : "ReadDataA[13]",
					"strict" : false
				},
				{
					"name" : "ReadDataA[14]",
					"strict" : false
				},
				{
					"name" : "ReadDataA[15]",
					"strict" : false
				},
				{
					"name" : "ReadDataB[0]",
					"strict" : false
				},
				{
					"name" : "ReadDataB[1]",
					"strict" : false
				},
				{
					"name" : "ReadDataB[2]",
					"strict" : false
				},
				{
					"name" : "ReadDataB[3]",
					"strict" : false
				},
				{
					"name" : "ReadDataB[4]",
					"strict" : false
				},
				{
					"name" : "ReadDataB[5]",
					"strict" : false
				},
				{
					"name" : "ReadDataB[6]",
					"strict" : false
				},
				{
					"name" : "ReadDataB[7]",
					"strict" : false
				},
				{
					"name" : "ReadDataB[8]",
					"strict" : false
				},
				{
					"name" : "ReadDataB[9]",
					"strict" : false
				},
				{
					"name" : "ReadDataB[10]",
					"strict" : false
				},
				{
					"name" : "ReadDataB[11]",
					"strict" : false
				},
				{
					"name" : "ReadDataB[12]",
					"strict" : false
				},
				{
					"name" : "ReadDataB[13]",
					"strict" : false
				},
				{
					"name" : "ReadDataB[14]",
					"strict" : false
				},
				{
					"name" : "ReadDataB[15]",
					"strict" : false
				},
				{
					"name" : "AddressA[0]",
					"strict" : false
				},
				{
					"name" : "AddressA[1]",
					"strict" : false
				},
				{
					"name" : "AddressA[2]",
					"strict" : false
				},
				{
					"name" : "AddressA[3]",
					"strict" : false
				},
				{
					"name" : "AddressA[4]",
					"strict" : false
				},
				{
					"name" : "AddressA[5]",
					"strict" : false
				},
				{
					"name" : "AddressB[0]",
					"strict" : false
				},
				{
					"name" : "AddressB[1]",
					"strict" : false
				},
				{
					"name" : "AddressB[2]",
					"strict" : false
				},
				{
					"name" : "AddressB[3]",
					"strict" : false
				},
				{
					"name" : "AddressB[4]",
					"strict" : false
				},
				{
					"name" : "AddressB[5]",
					"strict" : false
				},
				{
					"name" : "WriteData[0]",
					"strict" : false
				},
				{
					"name" : "Clock",
					"strict" : false
				},
				{
					"name" : "WriteEnable",
					"strict" : false
				},
				{
					"name" : "WriteData[1]",
					"strict" : false
				},
				{
					"name" : "WriteData[2]",
					"strict" : false
				},
				{
					"name" : "WriteData[3]",
					"strict" : false
				},
				{
					"name" : "WriteData[4]",
					"strict" : false
				},
				{
					"name" : "WriteData[5]",
					"strict" : false
				},
				{
					"name" : "WriteData[6]",
					"strict" : false
				},
				{
					"name" : "WriteData[7]",
					"strict" : false
				},
				{
					"name" : "WriteData[8]",
					"strict" : false
				},
				{
					"name" : "WriteData[9]",
					"strict" : false
				},
				{
					"name" : "WriteData[10]",
					"strict" : false
				},
				{
					"name" : "WriteData[11]",
					"strict" : false
				},
				{
					"name" : "WriteData[12]",
					"strict" : false
				},
				{
					"name" : "WriteData[13]",
					"strict" : false
				},
				{
					"name" : "WriteData[14]",
					"strict" : false
				},
				{
					"name" : "WriteData[15]",
					"strict" : false
				}
			]
		}
	]
}